DATE_TIME,OPEN,HIGH,LOW,CLOSE,VOLUME
2020-01-01 00:00:00,99.67264511200827,100.41203398336728,99.47016014647657,100.00123016092391,763.5858528226795
2020-01-01 01:00:00,100.11743340862915,100.36346333686497,100.0950194446806,100.30042606816971,1148.0191359797454
2020-01-01 02:00:00,100.28936548031444,100.44912086009066,99.56585285491792,100.02584117375997,952.0989196808513
2020-01-01 03:00:00,100.08755807050517,100.19835293573502,98.59187631440186,99.13897423972712,1077.138115997383
2020-01-01 04:00:00,98.80293168393119,99.32048268957973,98.43476783315283,98.68924146367229,913.8983091966454
2020-01-01 05:00:00,98.61720211715338,98.88102334036319,97.64295650323831,97.71542936767258,1061.0657153008653
2020-01-01 06:00:00,97.59826907030788,97.78022814229485,97.53975975914717,97.77421662380264,849.76982006473
2020-01-01 07:00:00,97.60536726247166,99.35789382605523,97.192981577322,99.09342193054518,994.6966450603618
2020-01-01 08:00:00,98.64751390866344,98.94094042829181,98.47217188652654,98.60687603593607,1116.3691587430944
2020-01-01 09:00:00,98.54085649071726,98.56460567106919,97.7010179171578,97.9969393295441,1009.014562979011
2020-01-01 10:00:00,98.17296337720981,98.53408534450304,97.95470587302638,98.47814716323813,908.5779528794241
2020-01-01 11:00:00,98.5532156599772,99.07682655557976,98.22200524174764,98.83023077296852,782.6667004433342
2020-01-01 12:00:00,98.7115187426201,99.05395972883728,98.48583102086171,98.93446684870653,1033.5265923986972
2020-01-01 13:00:00,98.93152339984526,99.00503050082918,97.91173133984229,98.01818272571579,1068.9891010411075
2020-01-01 14:00:00,98.16665539860402,98.34525063787211,97.43374237497407,97.98951481407086,948.3281100301786
2020-01-01 15:00:00,97.4500213975393,99.1931117236636,97.3573988369075,98.67321317465027,846.1359338157611
2020-01-01 16:00:00,98.64863939264909,98.65822109440516,97.32365666251552,97.35570837289497,1108.5166067229952
2020-01-01 17:00:00,97.46153311673716,97.9003212990806,96.26155927203058,96.9112111275269,1496.3460884339465
2020-01-01 18:00:00,97.04351317645401,97.29445692847332,94.98309350848147,95.08611766537084,939.5076041489001
2020-01-01 19:00:00,95.41010002474646,95.82838020869431,93.63827243031747,93.86781838986253,1067.3478889522219
2020-01-01 20:00:00,94.08114896153208,94.41963276613124,91.9519695805072,92.15484452887414,1075.478596566249
2020-01-01 21:00:00,92.21247089774182,92.57426551112562,91.61310241162863,91.93845112304705,486.70702727144726
2020-01-01 22:00:00,91.99399430662463,92.05656953765714,90.47376590677355,90.7805339502349,1024.7724690763087
2020-01-01 23:00:00,90.92352508468683,91.44320285293126,90.59516418947396,91.02712348714363,858.6962595351464
2020-01-02 00:00:00,90.9289896529836,91.34887155533191,90.77282810506924,91.16992138171926,1276.9375967700432
2020-01-02 01:00:00,91.16259379258545,91.5079434141278,90.82840056699075,90.99965577559516,949.2028357815987
2020-01-02 02:00:00,91.16474021101756,91.26321697198502,88.69101732805467,88.73799279178336,844.492838785151
2020-01-02 03:00:00,89.08607321431293,89.2669206372969,88.25750478919727,88.2612527639042,956.3001327844353
2020-01-02 04:00:00,88.23314297725543,88.32249187394655,87.96008442106549,88.21845560124407,1033.312211618125
2020-01-02 05:00:00,88.20991634643113,88.39391192931029,88.05971142767865,88.31847169166174,888.0188858876493
2020-01-02 06:00:00,88.35353758583955,88.52333140832437,86.44620331090555,86.97736570609516,989.4674441314519
2020-01-02 07:00:00,87.2113364736077,87.52119375789643,86.45048388308203,86.56281953447889,729.1680336914617
2020-01-02 08:00:00,86.55757168350404,86.87299250470434,85.6161020974662,85.7199165397864,954.9493106181842
2020-01-02 09:00:00,85.97219371191873,86.2784732944283,84.95970012782595,85.02937836285341,1155.1345752172856
2020-01-02 10:00:00,84.86514864327481,86.28808943819631,84.78696687058415,85.93625588718035,1393.834455133622
2020-01-02 11:00:00,85.90428730943543,86.07490465996253,84.93161444822223,85.2450852992935,1141.3029735419589
2020-01-02 12:00:00,85.2113067820908,85.609646265583,85.06099509426886,85.21736665170462,1054.3867719783857
2020-01-02 13:00:00,85.35152002977028,86.00814820770239,85.30540323593969,85.97436287255682,1236.7531715868872
2020-01-02 14:00:00,86.15428205932236,86.23545706623871,85.30751001612107,85.4740773728871,1203.8217319920154
2020-01-02 15:00:00,85.2164297456094,85.47684329888054,84.86771704885854,85.37865446661769,1332.768540321375
2020-01-02 16:00:00,85.22253435532281,85.70700371143711,84.92058781426887,85.47301937589084,1216.531170769771
2020-01-02 17:00:00,85.53062237431547,85.62310030876894,85.43514983718163,85.5275529735575,976.4272837297
2020-01-02 18:00:00,85.41495424652452,85.65250187798551,84.2422414549897,84.48618439954303,1051.6895225268484
2020-01-02 19:00:00,84.229327416618,84.917680461632,84.21310673926442,84.55053687093265,1035.8322509995066
2020-01-02 20:00:00,84.72632744105437,85.87868597782973,84.45682323563965,85.70727055502503,1060.4278407010315
2020-01-02 21:00:00,85.7919860503523,85.84843526616017,84.13042595940499,84.39146007234194,1040.064217808027
2020-01-02 22:00:00,84.47474107597668,85.3568041529659,84.08022281634905,85.11983093417341,843.5142404390484
2020-01-02 23:00:00,85.03892968641644,85.49357119044035,84.96337387010153,85.22148553141896,579.2728222773123
2020-01-03 00:00:00,85.3970414325098,85.48445649022113,84.4013526798676,84.67656455423861,865.6642776260705
2020-01-03 01:00:00,84.63593632791166,87.02679201324791,84.37721318399953,86.38750447033703,594.7931023264705
2020-01-03 02:00:00,86.57714894215994,87.22512382164696,86.49677241922517,87.04851773145793,1013.5918214764816
2020-01-03 03:00:00,86.88994414129192,87.00904209432618,85.72126238280767,86.01078963575355,1000.9072776306474
2020-01-03 04:00:00,85.8639853335898,86.32942607924134,85.86113742585158,86.07490551792861,664.8850992873683
2020-01-03 05:00:00,86.11014546278723,86.62434010893524,85.80182699372142,86.57272458789855,1137.633633425588
2020-01-03 06:00:00,86.45120434060074,86.76095987782398,86.19031564699598,86.40944492834551,1173.3716169430443
2020-01-03 07:00:00,86.52625451300929,87.12821815047967,86.34048656429938,87.00156341736553,1019.1703578186521
2020-01-03 08:00:00,87.0468312706885,87.34368707020144,86.81247625315744,86.94371155178061,1333.5332603693064
2020-01-03 09:00:00,86.78336650450257,88.05992033388344,86.67988726967351,87.52578110930105,1374.333108757157
2020-01-03 10:00:00,87.53853727604167,88.91429515169301,87.47735982230232,88.79395888690561,758.8012007387501
2020-01-03 11:00:00,88.7315981222103,89.0604147209041,88.13628202372371,88.19603387702557,1207.341028760212
2020-01-03 12:00:00,88.35772756265987,88.43841308972888,88.09564299454635,88.37537616971093,1088.1695757427574
2020-01-03 13:00:00,88.26364264631557,88.3764315351717,87.83186535411868,87.96687339898828,1083.6639553093448
2020-01-03 14:00:00,87.88964195374703,88.26539598412123,87.43318514756236,88.07889871246569,1186.8895035292971
2020-01-03 15:00:00,88.29252618688702,88.50214806199787,87.01167596615385,87.03941341205615,856.1664408083172
2020-01-03 16:00:00,87.4299787876463,87.55789125066488,86.28121308134538,86.53665036377559,881.5255133549956
2020-01-03 17:00:00,86.88331792116213,87.12421838964028,86.34365695716149,86.36703538404976,834.665577580933
2020-01-03 18:00:00,86.37795684269307,87.19347319450796,86.3140609728928,87.14676983249362,849.0195253275356
2020-01-03 19:00:00,87.18492314348345,88.35459741728995,86.65499773629648,88.15053049286979,980.2976531641685
2020-01-03 20:00:00,88.42129587729771,88.58959375110821,86.91082688009601,86.99152055077259,709.6351663549875
2020-01-03 21:00:00,86.96987369849687,87.05617988251034,85.97293823285798,86.30298838096925,790.8545246020568
2020-01-03 22:00:00,86.13462911541322,86.8874614244258,85.95030501395814,86.86309508802161,1115.505657812174
2020-01-03 23:00:00,86.88340181355699,87.6227188290192,85.06854793952333,85.14954483924349,985.8074569620393
2020-01-04 00:00:00,85.22647246482883,85.40782927619593,84.20984071234292,84.75606973987001,1076.590958179616
2020-01-04 01:00:00,84.61563528755967,85.02599290199957,84.56316720771267,84.67365326203048,622.1479033571698
2020-01-04 02:00:00,84.39532689326592,85.75819778149933,84.15900206331688,85.74473146882303,843.2293467679741
2020-01-04 03:00:00,85.49870114429876,86.37074065064584,85.24218024814502,86.33790131078177,888.915469452054
2020-01-04 04:00:00,86.45288134062217,86.6402541828649,85.96486991992995,86.05585381124324,1006.5069629514192
2020-01-04 05:00:00,85.9254272714292,86.15618614170864,85.56671417072567,85.73925648775067,882.7431656691725
2020-01-04 06:00:00,85.71502192418394,86.04144873330429,85.06400341989706,85.52500894209429,1186.6429253012852
2020-01-04 07:00:00,85.56137483819106,86.92364456601044,85.38283979566314,86.83798398186646,988.3447767533097
2020-01-04 08:00:00,86.94558047698922,87.10232703758672,86.31068576831458,86.46709007625762,1003.4028321195162
2020-01-04 09:00:00,86.40919332727916,86.54867848599169,86.12668764064587,86.20490478545429,1002.7076345985005
2020-01-04 10:00:00,86.29093115997573,86.6417608603974,86.02684196121189,86.50939033111965,1141.5970898868234
2020-01-04 11:00:00,86.35553017011058,86.55568481888355,86.35048985659283,86.40497561912255,905.6758575572054
2020-01-04 12:00:00,86.34249044047358,86.7053845250754,86.16654517584716,86.23468026821652,1224.478756454657
2020-01-04 13:00:00,86.05818083737648,86.16627676052246,84.68645337678609,85.27929970120762,1092.0117205378622
2020-01-04 14:00:00,85.47255096541357,85.74482958587312,85.11646767655282,85.26947483994404,1030.8073873096662
2020-01-04 15:00:00,85.26485621976383,85.65372207208641,84.75459740497507,84.89207312103163,1008.3472975095748
2020-01-04 16:00:00,84.76664318457746,85.93029128473847,84.65509555670657,85.88781770872,1104.060793576526
2020-01-04 17:00:00,85.82731014286827,86.83671885153306,85.48334571812758,86.4505768286982,1203.0783075858105
2020-01-04 18:00:00,86.41224821775525,86.73602230114683,86.02945907153017,86.42970705544386,1189.1055100769984
2020-01-04 19:00:00,86.55088336272533,87.38543902269622,86.48184349332978,87.00932167515697,1075.172031562175
2020-01-04 20:00:00,86.7320938222193,87.14720997462362,86.45002135988602,86.71410544284703,1175.343750987457
2020-01-04 21:00:00,86.53441113383889,87.85432564940693,86.16906047329218,87.63126377442313,1023.671637148708
2020-01-04 22:00:00,87.56502079193947,87.9509573039721,87.42828801711103,87.6265321989116,1250.4980398626547
2020-01-04 23:00:00,88.07145227878296,88.29423797136457,87.85713059080918,88.13922394788075,994.6786985580469
2020-01-05 00:00:00,88.3078506413779,88.76343700550188,86.9458294836276,87.00875294484726,584.9721450551634
2020-01-05 01:00:00,86.98936056301149,87.57405726186688,86.9730388954221,87.31091840312779,1267.5765133904692
2020-01-05 02:00:00,87.4353376434363,87.46219410224079,85.8272568218024,85.84930411362153,1021.5702176050623
2020-01-05 03:00:00,86.20329084609011,86.25503621979287,84.1193173175897,84.11965016134133,765.7843109869043
2020-01-05 04:00:00,84.08033443717373,88.45515453635609,83.79981698775313,88.43255685188088,960.3552585534435
2020-01-05 05:00:00,88.36777485400215,88.4142493316876,87.60774728444713,87.640298083236,823.233284697943
2020-01-05 06:00:00,87.85298593154405,87.99297960191728,87.74371586065978,87.78419244149859,1420.0418766598773
2020-01-05 07:00:00,87.87099692513733,89.7858055156636,87.79812834896731,89.77701727184396,1099.536989516668
2020-01-05 08:00:00,89.89763880752031,90.33271043765596,88.94229920189554,89.03341763949373,686.2577650711831
2020-01-05 09:00:00,88.94296606254098,89.39830734390459,88.24241457533314,88.47962880191551,1109.2329092737727
2020-01-05 10:00:00,88.8207904028583,88.8896944783224,88.52795755098859,88.66155623003237,920.2520090357496
2020-01-05 11:00:00,88.96522504557355,89.34250667946117,88.95127267876775,89.09974877279204,1383.3566671800306
2020-01-05 12:00:00,89.20065748269387,89.25072301982783,88.79185379680348,88.94270996496569,789.4606799825651
2020-01-05 13:00:00,89.06451848349734,89.28920547227504,88.72819627901322,88.7597384102232,550.5940993357344
2020-01-05 14:00:00,88.4005887029623,89.400887640449,88.23875790925251,89.38543777178191,1013.1738359455843
2020-01-05 15:00:00,89.49951444225408,90.05997322600767,88.96306883492976,89.85136964732934,930.3945300900562
2020-01-05 16:00:00,89.81649457247386,90.24589919092418,88.57351775663439,88.92738150278825,916.6828530202646
2020-01-05 17:00:00,89.00458719440992,89.30065987315123,88.73713222478882,88.85699549946406,571.7521677697439
2020-01-05 18:00:00,88.97836089335134,89.13950298790517,88.87405882985385,88.88835586570816,1085.3618702394892
2020-01-05 19:00:00,88.82770284016615,88.99371902385636,87.37978955170705,87.95596641364986,1334.6690295685214
2020-01-05 20:00:00,87.65909263528371,88.23308824901856,87.57420448757826,88.18480758643688,618.1901838189165
2020-01-05 21:00:00,88.24971335616478,88.93690042156223,87.40868052991088,87.431456650546,1234.2447374845758
2020-01-05 22:00:00,87.30191221107084,88.48596866279605,87.22255776116623,88.28549290905347,886.2566286491904
2020-01-05 23:00:00,88.22720945955874,88.51435879516754,88.14626906392257,88.45582368813325,1469.8010544044491
2020-01-06 00:00:00,88.34894347891715,88.94856249184062,87.97593289249419,88.53485576085781,1087.2015842097683
2020-01-06 01:00:00,88.47439396056235,88.55067448780389,88.0081256611856,88.01313294474438,962.4311257308293
2020-01-06 02:00:00,87.60753405491894,87.97679009345411,87.05751785387567,87.90880260801495,1221.076353177645
2020-01-06 03:00:00,88.12302392786803,88.49728642119139,85.94232368203924,86.17003368663933,1105.2056901499445
2020-01-06 04:00:00,86.21370643436909,86.58465557196612,85.02337807301689,85.20059398609106,881.5088048035009
2020-01-06 05:00:00,85.3901883778082,85.97512708299347,85.13393512122235,85.51029717365259,1142.043388657795
2020-01-06 06:00:00,85.84956214780703,85.85692192808322,83.25430424631855,83.70938794656124,897.8608259309779
2020-01-06 07:00:00,83.71317054494436,84.47676189752416,83.6301936527969,84.42108716040116,642.3024065712782
2020-01-06 08:00:00,84.11730777583728,84.52687193749468,82.94532748026064,82.95980832878787,1406.3184386494813
2020-01-06 09:00:00,82.81162746163344,83.81178262464836,82.58233280529608,83.58997850308056,930.0833798516404
2020-01-06 10:00:00,83.38845158544288,84.0672158501567,82.57464285418271,82.88620709076653,878.1971998664736
2020-01-06 11:00:00,82.8030518600393,83.71430896654931,82.52731161341005,83.53440467699379,1067.744412690996
2020-01-06 12:00:00,83.54771242976419,83.96157063195903,83.46099508887242,83.64386564325349,688.0736284292582
2020-01-06 13:00:00,83.3095939988434,83.44518744123505,82.02425300681892,82.36822484468337,729.2842703602159
2020-01-06 14:00:00,82.42466236782414,83.65040565748507,82.39071736730878,83.4035795930189,900.0706599862469
2020-01-06 15:00:00,83.15202142416346,84.95471235422374,83.12673727539405,84.61472457171962,896.0556386894266
2020-01-06 16:00:00,84.6650624986048,84.97921999899671,84.47059196029727,84.55906224803135,1014.3778544972266
2020-01-06 17:00:00,84.54054733820277,84.59399340452873,84.15477853815358,84.32775815134032,1224.511542625206
2020-01-06 18:00:00,84.27487909902216,84.34540918735615,84.09563809561008,84.19305362562105,905.1946053729928
2020-01-06 19:00:00,84.18075508811398,84.40402265096984,83.18954759714362,83.37603317885065,1098.559694549973
2020-01-06 20:00:00,83.28607264680738,84.40230576363612,83.15401199388259,84.29704101225819,1120.3090001807034
2020-01-06 21:00:00,84.19384516890202,84.29160913785157,83.46021024305615,83.84063918323503,783.1849236804242
2020-01-06 22:00:00,83.55894672610384,83.98938354340773,83.076357875412,83.79773179720476,1045.6911445825604
2020-01-06 23:00:00,83.7927665407462,84.11751420999688,83.10667916672526,83.13559722222192,811.4665241354076
2020-01-07 00:00:00,83.44302333289502,83.45841515080949,82.51315456569297,82.61673353950589,1212.7797489095567
2020-01-07 01:00:00,82.94462656709668,83.1215354816208,81.44743867424626,81.56783405196049,1091.0179756144983
2020-01-07 02:00:00,81.78375493094924,82.92437465706189,81.55057075339381,82.59967012327377,1003.3008228722493
2020-01-07 03:00:00,82.71635041584169,83.03109112069484,82.43626947717826,82.4724923038756,732.0600692497769
2020-01-07 04:00:00,82.36098574919912,83.39550514194087,82.1045203753989,83.27297171463594,1023.1980020570634
2020-01-07 05:00:00,83.51360300982317,83.97904181131283,83.11017853568077,83.28406824172195,846.5944972846628
2020-01-07 06:00:00,83.27471970429372,83.61203125571551,82.68311538304111,82.70774405741322,1141.192528090452
2020-01-07 07:00:00,82.6963517660145,83.10300793435886,82.39806566533329,82.43799091048972,976.1346995268998
2020-01-07 08:00:00,82.38998853214686,82.43504991571216,81.88644832978716,81.97743897005387,837.5310874225089
2020-01-07 09:00:00,81.99251795863246,82.09293436135658,81.92336326867232,81.98396389538996,1185.1035795022324
2020-01-07 10:00:00,81.91263365831861,82.40735222565262,81.29703406657964,81.67688181402285,1144.3070135426854
2020-01-07 11:00:00,81.66319682792067,82.03090139453131,81.28687700741646,81.43228209574863,881.3405842106453
2020-01-07 12:00:00,81.25583078270995,81.42166342078296,80.24795051893936,80.31737980732626,1232.4055665356955
2020-01-07 13:00:00,80.25737885091074,80.47741131371563,79.63513065772818,79.67194961424998,940.321064963132
2020-01-07 14:00:00,80.03617237372009,81.05342224118237,79.8000325509532,81.00072860070108,938.1696771207651
2020-01-07 15:00:00,80.98945505134864,81.06894418872663,80.16526616825693,80.45884548920803,1024.7602096536518
2020-01-07 16:00:00,80.42044994642826,80.83386552646607,79.35472819385666,79.61518807913343,849.4732496214092
2020-01-07 17:00:00,79.70000338132483,79.96534565146612,79.51346671892696,79.88420454985814,911.6720196575008
2020-01-07 18:00:00,79.99742019830823,81.29784013477499,79.62694426344325,81.01634018324816,967.9041442630091
2020-01-07 19:00:00,80.83607407899994,81.15607456335775,79.50771542801928,79.84686573334751,1306.056601931571
2020-01-07 20:00:00,79.81379062658756,79.89421022346086,79.50422970582343,79.68054104507353,1299.9299483921645
2020-01-07 21:00:00,79.82701293717216,79.90014599321074,78.89854193592737,79.17850638317599,948.2259598819022
2020-01-07 22:00:00,79.22124859646792,79.54792421147495,77.64770399636497,77.79636309143729,1322.0875481057442
2020-01-07 23:00:00,77.81534056782064,78.60223538635758,77.69914411496622,78.37021545688648,991.3426500181761
2020-01-08 00:00:00,78.61417177195338,78.74038094682413,77.98038444639535,78.35184456091659,1076.1161355623005
2020-01-08 01:00:00,78.24570702247945,78.54374493245182,78.23839125332148,78.40784056361505,1176.7155667547859
2020-01-08 02:00:00,78.4208174912747,78.57228959444947,77.5218845735459,77.82018266430515,1058.409565240042
2020-01-08 03:00:00,77.73928262371311,78.32096387715109,77.45751004596923,78.1749025241655,1483.0364408363812
2020-01-08 04:00:00,78.40825952634076,78.54288934501493,77.54104148131735,77.75444213182521,1048.669262847436
2020-01-08 05:00:00,77.45150218009975,78.05985436861359,77.29292263839756,77.64340789390988,760.4821508978351
2020-01-08 06:00:00,77.53941343048523,77.61203914144654,76.77120457394491,76.78766712500857,1261.0941949028363
2020-01-08 07:00:00,76.70644465409734,76.8020325877786,75.71647152556274,75.8595053250743,917.5873012975917
2020-01-08 08:00:00,75.96024372936736,77.01171560592323,75.77515150718115,76.87942872511555,939.1423337303673
2020-01-08 09:00:00,76.97270548960847,77.46821168883137,76.41325886494892,76.49055635361098,401.66542329891877
2020-01-08 10:00:00,76.70429278914902,76.77915120253186,76.69414146094083,76.71398997854881,1200.1971799306682
2020-01-08 11:00:00,76.472869030586,76.86129743952037,76.28373979745615,76.6880723668911,1163.689829320626
2020-01-08 12:00:00,76.80326375712912,77.16826927968,75.95131895242613,76.35051172827184,1159.8038946737297
2020-01-08 13:00:00,76.30574072455335,76.8089002643521,75.81569087742128,75.96366427687356,1195.6811793052157
2020-01-08 14:00:00,75.86260489535879,77.04548134449855,75.61193601541451,76.44380916749648,1338.2000406234629
2020-01-08 15:00:00,76.52634704232251,76.78555191228132,76.21247020608847,76.21339801522767,990.7996301911618
2020-01-08 16:00:00,76.0732730607935,76.31684981956292,75.91060059866105,76.09806501916968,1187.5232996338796
2020-01-08 17:00:00,75.78262245361691,76.39732232912512,75.67370773391897,76.1149770732031,851.2320376074175
2020-01-08 18:00:00,76.05863958936229,77.2432233574291,75.64241009341437,77.01576464142202,929.239763267154
2020-01-08 19:00:00,76.78540590348736,77.57646551044792,76.4699335018795,77.54165270553278,1211.3520308658985
2020-01-08 20:00:00,77.4410819711248,78.11057897616165,77.31588984699125,77.83889553973061,1078.2247657731261
2020-01-08 21:00:00,77.89675986171815,78.04331825808447,77.38074627314249,77.40145160382296,733.3169614843828
2020-01-08 22:00:00,77.44976514248818,77.61612748515051,76.04621317745143,76.33914503297466,1072.2658759095407
2020-01-08 23:00:00,76.58181501651327,77.65292608914818,76.5245257690746,77.06746037868525,963.4177118279374
2020-01-09 00:00:00,77.03669275339755,78.47909741414323,77.00179816982921,77.81588739126632,836.2667417705221
2020-01-09 01:00:00,77.57761780751137,77.87171868278571,76.95097314638937,77.70647089900443,1086.857410062819
2020-01-09 02:00:00,77.58905246431519,78.5559888456737,77.56634350858124,78.1286926512426,919.0988605022313
2020-01-09 03:00:00,77.98516407456334,78.95725829674734,77.49697065589228,78.7416155959206,685.9020622976005
2020-01-09 04:00:00,78.55006192851287,79.74915583048191,78.39184418067266,79.39883121582058,777.7689442656933
2020-01-09 05:00:00,79.46799661666503,80.51689918428697,79.44121662970011,80.13377957150635,1353.8340153087372
2020-01-09 06:00:00,80.03043645428309,80.40454195532907,79.46949682433139,79.76950640421433,697.0142167744784
2020-01-09 07:00:00,79.45466127363692,80.99234588763588,79.24821885438583,80.9871933995121,1044.5604374160976
2020-01-09 08:00:00,81.10015575094353,81.39324365081745,79.89619247329925,79.98387928339163,1122.011182861662
2020-01-09 09:00:00,79.96605661094382,80.71902317733411,79.88409865386453,80.67609704567505,1127.837809260063
2020-01-09 10:00:00,80.73369407379292,81.61311436484185,80.69365799003144,81.07556791432337,754.9056682722764
2020-01-09 11:00:00,81.09271259537631,82.20563773336629,80.87667006794656,81.78696248697595,935.6923661289371
2020-01-09 12:00:00,81.89035002254515,83.36126454040074,81.69706800341747,83.338275311778,1028.169345025721
2020-01-09 13:00:00,83.34461238631417,84.83655994448017,83.20979392321746,84.58461429189282,1160.041852095767
2020-01-09 14:00:00,84.79400044942308,84.83584309011647,83.49633096134784,83.62149605132299,871.0078337572097
2020-01-09 15:00:00,83.69260165908969,83.71997355246506,81.88165280274767,82.22125958441052,767.305099074892
2020-01-09 16:00:00,82.28575745630758,83.3772068434445,82.09195234491172,82.89566688760249,1200.5148098321022
2020-01-09 17:00:00,82.96364712960097,83.28724408145861,81.89822785234492,82.05852132938014,1221.0307291979384
2020-01-09 18:00:00,81.81981013541126,82.05938818918341,81.42370334529373,82.04834228227907,1074.014511209803
2020-01-09 19:00:00,82.02133054858841,83.04084431652952,82.00381913478122,82.74022565863052,878.2425686604723
2020-01-09 20:00:00,82.69732497472224,82.89099196740737,81.2162004151872,81.39126151414975,1081.352331084428
2020-01-09 21:00:00,81.4250535059984,81.5073906823528,79.60180627384142,79.69191281302452,1021.8621406531728
2020-01-09 22:00:00,79.47565290341585,80.11729700773628,79.41850093859857,79.89882130214855,1167.5257352382785
2020-01-09 23:00:00,80.16037616910128,80.45952892939479,79.66693069029668,79.93429297640078,750.1774068178188
2020-01-10 00:00:00,79.95098318673712,80.01792554682534,79.42523150993553,79.73805330954683,1023.2521544277978
2020-01-10 01:00:00,79.54511091316101,80.08549999464667,79.28279487309491,79.76878610104863,968.1872302667771
2020-01-10 02:00:00,79.49661979010736,79.5246407053667,79.02945436137516,79.0853081814768,778.0632570705166
2020-01-10 03:00:00,79.0408293093686,79.42888499178184,77.48829863414106,77.8973688392715,1043.1296498816698
2020-01-10 04:00:00,77.88339913461488,78.05932511666148,77.52401355222698,77.76765721077481,1006.9835671757882
2020-01-10 05:00:00,77.65601763436041,77.70865817432778,76.7903077923026,77.01564174386768,917.9282665778
2020-01-10 06:00:00,77.02983146203889,77.23747248245027,75.37188777111534,75.76024839111744,1079.2057499771884
2020-01-10 07:00:00,75.66315938476335,76.40737210772915,75.59586074799152,76.14432390702046,716.240597854107
2020-01-10 08:00:00,76.22838155879849,76.51152654771367,75.81336490832341,76.0975866859948,989.2716413656946
2020-01-10 09:00:00,75.98739477625864,76.7417657119221,75.84897431912123,76.40757475963281,1086.2828331557985
2020-01-10 10:00:00,76.40169156848397,76.94509713328627,75.61243293243756,75.65540520991026,1056.8035716251345
2020-01-10 11:00:00,75.80365922799417,75.9135883008644,75.15892384711287,75.15918267314802,1215.2855563915898
2020-01-10 12:00:00,75.54674757004052,75.70926293279794,74.31765783874052,74.41204840991446,759.7774851635975
2020-01-10 13:00:00,74.26223782817057,74.41944448064619,73.41769789405586,73.7551963005877,698.4239150734512
2020-01-10 14:00:00,73.68670839514591,73.97361686693355,73.4790575983112,73.89946070003492,1047.8135484116515
2020-01-10 15:00:00,73.77543807753125,73.95302200768752,73.03276266760393,73.3231059811652,1091.0305054871985
2020-01-10 16:00:00,73.43821501816134,73.64891624522022,73.18556742937515,73.58465020255305,1423.9647586353735
2020-01-10 17:00:00,73.41587907110805,73.8970655414254,73.11797476360628,73.83508360206699,1123.3224952413902
2020-01-10 18:00:00,73.76359314865316,75.482998408507,73.68605820578078,75.3456065452219,825.2103405261607
2020-01-10 19:00:00,75.34114602398026,75.472239086527,74.1577654921284,74.30347538159182,1161.2059469803553
2020-01-10 20:00:00,74.15817919271309,75.0571522144527,73.63260125470218,74.9661553281813,830.8739704506559
2020-01-10 21:00:00,74.82275869353431,75.28685916888055,74.64147730622953,74.89909965152609,702.8328108687532
2020-01-10 22:00:00,74.82788607551473,74.98793101595693,74.79296582233786,74.88859224707191,1521.820175942506
2020-01-10 23:00:00,74.57465409169298,74.8935438639665,73.70517348437977,73.81064292293797,1065.1650758794842
2020-01-11 00:00:00,73.59756771384502,73.6295192005423,73.00738958749983,73.47175128832387,1142.9901263614406
2020-01-11 01:00:00,73.41108367402263,74.23278222835982,73.3804987121089,74.01982544667469,1112.7100505395333
2020-01-11 02:00:00,74.04177271142674,74.06426285423875,73.79182070160985,73.95880026942204,1362.415354817903
2020-01-11 03:00:00,73.93132820155058,74.11948451571406,73.90889674174122,74.01877141067631,1056.8213032950152
2020-01-11 04:00:00,73.7566227625363,74.11900147971373,73.52684543564611,73.80389898174131,1243.5396065359187
2020-01-11 05:00:00,73.73547224877585,74.84333758581138,73.56717019114126,74.66095460327945,794.5432300003934
2020-01-11 06:00:00,74.78027407994814,74.9921971705622,74.55845475684453,74.64492470082432,721.5678018903794
2020-01-11 07:00:00,74.7279559250392,74.89549523881499,72.89906275865656,73.02036515851916,1285.3114020495195
2020-01-11 08:00:00,73.00886566889471,73.38356257161922,72.41871274248243,72.51675593568645,1294.9719436817984
2020-01-11 09:00:00,72.38817170189772,72.57333164307703,70.74789977037355,71.10301105146732,1102.1451630627118
2020-01-11 10:00:00,71.19283050424667,71.26749800024791,68.65104504784338,68.82832090406947,1045.2133007442592
2020-01-11 11:00:00,68.74867360369933,69.0514902971722,68.29972022677306,68.46441681788535,1033.2353189305684
2020-01-11 12:00:00,68.30450005320202,69.69942509809391,68.1962242815757,69.38354573798885,862.3677143131309
2020-01-11 13:00:00,69.27231793658311,69.72918962175234,69.1717656920074,69.41624690338483,1307.7275799972804
2020-01-11 14:00:00,69.61761580302874,69.75480300050066,68.30792100558237,68.60706297673308,1131.7761629663642
2020-01-11 15:00:00,68.63728144124167,69.21217095412193,67.96071731022032,67.96470250474323,1101.1810889004419
2020-01-11 16:00:00,68.12246107741532,69.28628895988659,67.7443079902173,68.73748075783244,1075.2250534943605
2020-01-11 17:00:00,68.67161559321683,69.17260877785598,68.47589217461753,68.84591476574144,1209.5825642713737
2020-01-11 18:00:00,68.97521152636574,69.18906555937563,68.82628817204925,68.87896821474327,1101.0010599727736
2020-01-11 19:00:00,68.79615608076124,68.8770677362183,68.51221724969666,68.84215412781401,1149.0719539182396
2020-01-11 20:00:00,68.82048226133219,68.91292586090225,68.74954297312875,68.86859477137266,766.2138250250863
2020-01-11 21:00:00,69.21191056425673,69.4467994672119,69.10434706026012,69.42550600944692,1102.0065996927601
2020-01-11 22:00:00,69.53210713140335,70.12152821027026,69.23004040611019,69.81019049320764,1437.4403022116983
2020-01-11 23:00:00,69.74025195144604,70.10411706756622,69.60160805774737,69.9609368802685,896.2953989501906
2020-01-12 00:00:00,69.94906984797605,70.04733918055979,69.23402584364891,69.235127602602,974.2342263185554
2020-01-12 01:00:00,69.28031458239411,69.63640801965646,69.20569616667616,69.5899002729656,1178.388741782005
2020-01-12 02:00:00,69.75857561080512,70.00999912558123,68.96238252864056,69.11535878338589,1191.4606331211382
2020-01-12 03:00:00,69.04777862621943,69.89224385813621,68.80184562100801,69.87552408500575,1124.8854183984895
2020-01-12 04:00:00,69.63259617826867,70.12507677393313,68.98043682050138,68.99299126385915,676.4799473699119
2020-01-12 05:00:00,68.9544154019486,69.10263302437525,68.54102826819661,68.8981077405111,1100.3460549435722
2020-01-12 06:00:00,68.90022783090009,68.95385287092869,68.87019503441589,68.89303820701195,763.2650970279683
2020-01-12 07:00:00,68.9081326672985,69.30542323904503,67.98219411339052,67.98646732332328,835.0596163390596
2020-01-12 08:00:00,68.1657374848151,69.42782968541661,68.03136200406473,69.16731274554307,1109.6107572476892
2020-01-12 09:00:00,69.21113541052513,70.46513421977059,69.00155601640057,70.18484885990543,940.8351752879873
2020-01-12 10:00:00,70.29905058084628,70.4981664569189,69.57071380122338,69.86023630438237,1161.9245826095537
2020-01-12 11:00:00,69.70655745866208,70.51361833898665,69.31632228661127,70.40144817151852,1629.627730750171
2020-01-12 12:00:00,70.52375733642549,70.681643992652,70.24040535817686,70.66854700896205,1155.4360100767885
2020-01-12 13:00:00,70.96544255184952,71.1881719844305,68.52453748291401,68.84550936796747,1144.5705306028945
2020-01-12 14:00:00,68.95201433300112,69.09025736891437,68.82797832219956,69.01811316577965,820.8545042085294
2020-01-12 15:00:00,69.05312191644379,69.15973244297824,68.90050283912043,68.97578762277458,871.4071453136371
2020-01-12 16:00:00,68.9970338074282,69.13421845383209,68.75794440440818,69.03321133770649,787.26762268978
2020-01-12 17:00:00,69.28039716653618,69.43720518594425,68.08054454543972,68.29379842013795,893.480832694763
2020-01-12 18:00:00,68.16727427658604,68.30081055195026,67.75759381319766,68.1100985974233,781.6495888139822
2020-01-12 19:00:00,68.09496589365533,68.213027471169,67.7985516085421,67.98879452761396,868.061996586778
2020-01-12 20:00:00,68.05140125423773,68.98886783263725,67.99043848718551,68.80138306394409,958.2556329364008
2020-01-12 21:00:00,68.90383588048657,69.09035426109988,68.6867956935428,69.0318586784384,799.885226405627
2020-01-12 22:00:00,68.97150595984802,69.04873875061867,68.90206249061058,69.02802404434787,716.180579807515
2020-01-12 23:00:00,69.07046466317108,70.30810720069579,68.65729070267774,70.09155161209277,727.7072950844795
2020-01-13 00:00:00,70.05260254217033,70.61286173390705,69.58432698924057,69.70344818804381,1090.7842224787457
2020-01-13 01:00:00,69.72024471818631,69.89677451958075,69.31966358204829,69.43252969899201,1011.9493062723926
2020-01-13 02:00:00,69.41418922212053,69.42142191972646,67.92710543659716,68.18250010568792,1205.1880656629708
2020-01-13 03:00:00,68.0270042641847,69.29655029109409,67.60061446218171,69.26079335849398,1208.8878436934406
2020-01-13 04:00:00,69.25786873294501,70.11189036771651,69.10628930622325,69.93192839256649,931.872215609819
2020-01-13 05:00:00,70.05471786090486,70.76827564537395,69.59221581402318,70.57604618913984,1134.0087148809068
2020-01-13 06:00:00,70.4396814436299,71.263910046572,70.41311012373536,71.04971066675179,711.8958906882883
2020-01-13 07:00:00,71.01545992699695,71.21242229800177,70.98576094979143,71.12801403670144,1456.604707407675
2020-01-13 08:00:00,71.22264590365181,71.37285306629427,70.81452349369512,71.2814523014803,1239.080859837592
2020-01-13 09:00:00,71.12909228712309,71.28797213713761,71.02980890869864,71.10204449873308,956.9933209650785
2020-01-13 10:00:00,71.12802116118004,71.21321216884716,70.95473625196081,70.95742770359804,767.3601131793167
2020-01-13 11:00:00,70.80713891555601,71.03803747447114,70.6811919356483,70.99597061376922,1076.009715440392
2020-01-13 12:00:00,71.15726193799983,71.41780489890708,67.88834100247212,68.21217878807815,625.9852943033352
2020-01-13 13:00:00,68.52843483914718,68.93153250465527,68.51543699242583,68.59228072530928,844.1395127787289
2020-01-13 14:00:00,68.8702647052522,68.97509326972057,68.33875081804443,68.55219331045464,1149.7515118009064
2020-01-13 15:00:00,68.52214926362505,68.89087007376901,68.05030608322714,68.15615576493545,1015.0898000188073
2020-01-13 16:00:00,68.2571287408344,68.4205033576866,67.66457576622778,67.72473640959161,901.8070538312625
2020-01-13 17:00:00,67.74112747133053,69.12714249476743,67.7253684286546,68.81890891134998,1190.147915827377
2020-01-13 18:00:00,68.83296397912822,69.22007222537593,68.82704310958185,69.16849048051965,792.2731978210511
2020-01-13 19:00:00,69.38293425522035,69.5323711165336,69.02528251353866,69.2152299666289,1056.9401231657546
2020-01-13 20:00:00,69.0328560209387,69.59544254960662,68.72534568040255,68.97603367442657,900.4228997328058
2020-01-13 21:00:00,69.12176748381216,69.37595229792944,67.93230613571147,68.21527900522737,830.5259086367212
2020-01-13 22:00:00,68.20859751011737,68.44971766028496,67.9305900797054,68.16968445156498,1092.679151990086
2020-01-13 23:00:00,68.361994740526,69.11904926246426,68.1665366700276,68.76786359210486,801.4241131738852
2020-01-14 00:00:00,68.79361969174994,68.88058728813002,68.47933470541363,68.49845322760036,1380.4012897489833
2020-01-14 01:00:00,68.40636120690463,68.56357778881937,68.1862141273772,68.34297229951663,883.0566309064004
2020-01-14 02:00:00,68.38086399404781,68.64387604146154,68.14577221761422,68.1920776798467,1397.9639965949868
2020-01-14 03:00:00,68.29252583887883,68.4299924571952,68.17009744098384,68.26685332386762,781.205842135364
2020-01-14 04:00:00,68.27173644549364,68.35728226653778,67.03836414007846,67.1879710948978,1121.1902836658269
2020-01-14 05:00:00,67.25358371439528,67.43298711778432,66.97232601632544,67.02999772452416,760.0848616716153
2020-01-14 06:00:00,66.96009842391452,67.09910041093559,66.26221877716972,66.45973604232253,731.7765384238412
2020-01-14 07:00:00,66.17670570420327,67.17739653116713,66.06613063665374,67.05023681023238,1031.9410686147346
2020-01-14 08:00:00,67.17103909136964,67.2005205347848,66.4887277387427,66.53553426525204,1135.511766042285
2020-01-14 09:00:00,66.62863727712647,66.95066127192739,66.3158833810105,66.92058529528964,745.1474093218351
2020-01-14 10:00:00,66.9404206027613,68.0430161966922,66.78724365557477,67.94856329427085,1236.8294134414102
2020-01-14 11:00:00,67.9578607291318,68.25430738865757,67.70469350002287,67.73581290317516,840.4801970047122
2020-01-14 12:00:00,67.87634716061532,68.29031475069215,67.24566457622912,67.32955354367071,1026.2445380129902
2020-01-14 13:00:00,67.2680280881591,67.69851069834594,67.03403201533891,67.45856747682325,1075.9557719502477
2020-01-14 14:00:00,67.36331124260266,67.60784267965063,67.2237056304887,67.45719873775057,1118.9363362923089
2020-01-14 15:00:00,67.43176544145953,67.5059535964867,66.22830620842078,66.79025191710221,640.4375600972136
2020-01-14 16:00:00,66.94928114491121,67.117193939765,66.94127115971344,67.09881171573176,1323.7125235566482
2020-01-14 17:00:00,66.91292242919855,68.58027757318682,66.62147925370206,68.46491985607257,1112.3586203322043
2020-01-14 18:00:00,68.62831160374702,68.71513462234495,68.07025922229462,68.28843155209944,914.8813038266139
2020-01-14 19:00:00,68.20118019010876,68.55422629576252,67.64303472238082,68.15003101815356,795.1692194420006
2020-01-14 20:00:00,68.00016463582912,68.15523452573288,67.33678653019204,67.44161718732451,661.1856941433831
2020-01-14 21:00:00,67.61179274495532,68.26641516159565,67.59666714649373,67.65715930151451,727.7153567818712
2020-01-14 22:00:00,67.64404995456468,68.02935255291938,66.76842669902182,66.81872898832508,1108.9876958141135
2020-01-14 23:00:00,66.64519470612478,66.84937668749187,66.01365837827932,66.08317032124896,931.7853429473372
2020-01-15 00:00:00,66.03577488990715,67.01029630124664,65.9082083828537,66.93424889705545,773.6968100463096
2020-01-15 01:00:00,67.05900360447123,67.08202526718122,66.07527783954058,66.33092621639057,894.6130068958369
2020-01-15 02:00:00,66.48925765484428,67.33572110879996,66.29259035431993,67.05209287560764,1312.8225080973214
2020-01-15 03:00:00,66.9948416100544,68.33036099384606,66.6797108237526,68.08203689344612,933.8650199209302
2020-01-15 04:00:00,68.13738566957976,68.29304645166636,67.94723872350023,68.2588207524865,883.1103509041963
2020-01-15 05:00:00,68.35637554813471,68.94757584705962,68.29957682125058,68.63760631492028,1270.1212136372792
2020-01-15 06:00:00,68.54917209521892,70.03319798884891,68.31132726849778,69.99075003594294,1092.3783384647668
2020-01-15 07:00:00,70.04046616725559,70.13072161860012,69.70389584900794,69.8531937023562,1008.856165817196
2020-01-15 08:00:00,69.84874029601451,69.87346635252796,69.24493656235782,69.44018600445172,878.4436213122332
2020-01-15 09:00:00,69.36578262407338,69.46089735197809,68.36272141370205,68.50682931557249,689.5178436708923
2020-01-15 10:00:00,68.43943150149497,68.86293056631195,68.3445723087609,68.53540747306117,765.8914957022216
2020-01-15 11:00:00,68.54459656009213,69.75140016637422,68.53407523447265,69.55667940747918,903.9076795119952
2020-01-15 12:00:00,69.56083255030688,70.41657662526272,69.32189479315619,70.22735482927666,956.0748599195871
2020-01-15 13:00:00,70.14797399959077,70.4192720601112,69.29976799371309,69.56885577166297,1071.2484568054879
2020-01-15 14:00:00,69.50961598051896,69.65314263809837,68.87981224557119,68.97631872542249,1110.3529454689638
2020-01-15 15:00:00,69.13007765583765,69.15243782837389,68.50396379540892,68.62943514972622,1044.5843118993787
2020-01-15 16:00:00,68.65879109739078,69.38076677217316,68.54389305742978,68.83031048812478,1044.08170102866
2020-01-15 17:00:00,68.95226103414817,68.95353179879874,68.59311560389321,68.68913896560525,798.4950616783489
2020-01-15 18:00:00,68.85444181926627,69.08137024855444,68.52376902607178,68.83660359955428,569.0490113644996
2020-01-15 19:00:00,68.91771915686608,69.13584732395681,68.81693700318412,69.04117227674388,895.8248349688394
2020-01-15 20:00:00,69.35545474261696,69.685304367811,68.65846372742412,68.8352033336634,809.170155369212
2020-01-15 21:00:00,68.72167711141046,69.04505719322509,68.60559168551808,68.8075550733437,869.4746094917314
2020-01-15 22:00:00,68.91889443209067,69.1756779459432,68.54915174716146,68.94985317497823,945.0892049694623
2020-01-15 23:00:00,68.90599516916016,69.21280130139523,68.50045335319409,68.89198048884259,751.2785849537986
2020-01-16 00:00:00,69.1481527637264,69.26450469200013,68.88269728586013,69.23974077296722,777.8979156547068
2020-01-16 01:00:00,69.47561770663353,70.88351790415008,69.42123318062004,70.54732379606622,979.9365871103893
2020-01-16 02:00:00,70.27213318889427,71.03702991017519,70.21297838320255,70.96618294243902,1023.1541045299422
2020-01-16 03:00:00,70.82880261056563,71.19928430487636,70.62310125893748,71.00580061129487,868.8003444169959
2020-01-16 04:00:00,71.10020345060757,71.11474507947665,69.42828156294445,69.81859555300701,1099.6570137529604
2020-01-16 05:00:00,69.9289775557111,70.35630074458206,69.84890688366461,70.08998784422826,956.1090575294397
2020-01-16 06:00:00,70.19331548690057,70.39734864683118,68.59717087794253,68.73875592325224,796.0173824905601
2020-01-16 07:00:00,68.72901422462375,68.72920217098375,67.67658866648809,67.77699510288333,1008.1461335850445
2020-01-16 08:00:00,67.83871663317085,68.36901026343591,67.53974816913556,68.35872621756226,1376.4827169971477
2020-01-16 09:00:00,68.44806397141781,68.86710800225295,68.15472090154637,68.84320828618844,865.0147599359354
2020-01-16 10:00:00,68.83248730500999,68.95539416697288,68.68400743596732,68.7400628162192,1233.2279496689994
2020-01-16 11:00:00,68.88144160886931,69.29303724059852,67.52435624874475,67.57459333626689,1275.5551785149232
2020-01-16 12:00:00,67.26991306349653,67.32561466841223,67.12689676505691,67.32412143579477,1299.6323202220192
2020-01-16 13:00:00,67.40951472983063,67.64509885339156,66.71098184128815,66.86871408662823,835.474397119739
2020-01-16 14:00:00,66.73056545186111,67.39500234190764,66.50471444865099,67.29592017172007,1403.0747862742526
2020-01-16 15:00:00,67.42507415968628,68.9869515125299,67.31505333392326,68.83256205221524,1023.269891654575
2020-01-16 16:00:00,68.80108738079764,69.11867133954021,68.79983856675989,68.9820429411377,949.242218658169
2020-01-16 17:00:00,68.85953113693004,68.88866468045299,68.41013744236982,68.44654750209253,953.9304169994558
2020-01-16 18:00:00,68.49775126837048,68.63912362521316,67.36355423358395,67.65001639139632,1120.3147079527191
2020-01-16 19:00:00,67.52682524158779,67.61706557132844,67.47299509726787,67.61207924254211,1010.2255065293961
2020-01-16 20:00:00,67.48876356454174,67.84195336813946,67.30816620053977,67.49265128980092,964.620663857602
2020-01-16 21:00:00,67.28142082021039,67.5521210153498,66.68792379764686,66.7199181029347,1256.717783189213
2020-01-16 22:00:00,66.71635431969051,66.96240092959019,66.34418790582177,66.7975954029361,855.4474657790843
2020-01-16 23:00:00,66.86400162282149,66.96292020127791,65.90951916013287,66.03321993327505,791.3712141690321
2020-01-17 00:00:00,66.16846564585094,66.84894168534186,66.1063388323904,66.77167879030748,1158.621019863701
2020-01-17 01:00:00,66.75275465798497,67.73908258336256,66.428150183803,67.48501184587793,1140.7194761588823
2020-01-17 02:00:00,67.62658918892662,68.35787529332616,67.34017846825033,68.22104119230889,1218.7955071074134
2020-01-17 03:00:00,68.22349186917423,68.22782890344573,67.55569470901217,67.89840436039411,785.5600480617733
2020-01-17 04:00:00,67.8857372641176,68.69810984443562,67.73804943444931,68.24865589839852,1216.278291814458
2020-01-17 05:00:00,68.3269906202313,68.46785481556208,68.00232100176174,68.15857973090185,1096.4042649488963
2020-01-17 06:00:00,68.30300963737798,68.37773169492824,67.88133611318912,67.89408547801312,1352.5150871077863
2020-01-17 07:00:00,67.8477385441819,68.00111796338803,67.53806908143214,67.6642156527526,750.3424678896731
2020-01-17 08:00:00,67.63123581471284,67.71637212075191,66.77219327103528,66.79046394961425,1043.6480697039888
2020-01-17 09:00:00,66.76898339627189,66.94548357660469,65.55678061623168,65.83302934695861,944.4865161047921
2020-01-17 10:00:00,65.84392813374934,66.37296843217625,65.70876845472604,66.35803316748068,682.0468155746366
2020-01-17 11:00:00,66.23864206480003,66.27235767263277,66.16354331248989,66.23125437632335,857.0224122426723
2020-01-17 12:00:00,66.36756671994983,66.77851369703848,66.20721549549093,66.37475049462648,1225.4128302202196
2020-01-17 13:00:00,66.32161759358152,67.0786343878598,66.14783600387435,67.0429745127564,906.2078644246296
2020-01-17 14:00:00,67.1050103661814,67.16362977076328,65.68859694154821,65.89104202810535,855.4804910692383
2020-01-17 15:00:00,65.78234927977691,65.87134176390093,65.15455710352028,65.37639095551351,1173.6520783774704
2020-01-17 16:00:00,65.42332240768052,65.82421880484223,65.15153196572857,65.49111909807132,1197.7753347332555
2020-01-17 17:00:00,65.54243091846396,65.8203752781296,65.26607086435764,65.74841044513357,1197.356790589292
2020-01-17 18:00:00,65.69311544237353,65.70115718391204,65.40849006244665,65.50095682319443,842.0613250583795
2020-01-17 19:00:00,65.76623293875498,66.19936888718536,65.26129628286316,66.17855996240924,988.3982494151629
2020-01-17 20:00:00,66.2276879692555,66.55060069617046,66.03021853430435,66.31794287904552,1206.131827949387
2020-01-17 21:00:00,66.55404671190585,66.68399906475221,65.33135133410055,65.51811510217705,868.7931742302354
2020-01-17 22:00:00,65.64391767457359,65.89047953906179,64.86224491382963,64.91112542218741,850.1337658021048
2020-01-17 23:00:00,64.82520433199319,65.4812516514629,64.61124170024446,65.43607708118796,1165.6463953958762
2020-01-18 00:00:00,65.38607858053248,66.00543152147108,65.33182420632548,65.74029517475726,1312.4697388289578
2020-01-18 01:00:00,65.79765914493544,65.93830514327614,64.45857025788938,64.50362642526412,769.5850512236022
2020-01-18 02:00:00,64.51151860832151,65.48188725497899,64.37798232294556,65.37883412882208,480.486316949758
2020-01-18 03:00:00,65.38530187228453,65.98905523156175,65.00769649944348,65.77098865582552,709.9367105484656
2020-01-18 04:00:00,65.73335146318936,66.73946182792832,65.35853706668445,66.66047970146303,797.509510308272
2020-01-18 05:00:00,66.4198074111844,66.48066048155124,66.32932790821243,66.40519293551253,972.4646603051702
2020-01-18 06:00:00,66.3752598875451,66.42054830627794,66.14330159778577,66.20911869345687,1123.1698415043873
2020-01-18 07:00:00,65.91604950259625,66.12965022455936,65.35374718224602,65.46748631259373,970.6997625380677
2020-01-18 08:00:00,65.51618860387468,67.60735647061473,65.48681061873233,67.14959709823769,859.9320967624913
2020-01-18 09:00:00,67.05215888534117,67.22359626609182,66.85563316652734,67.03188358964492,1030.6739371988501
2020-01-18 10:00:00,66.9360407121803,68.31630422256784,66.9053772820596,68.10452876218929,807.6256493620847
2020-01-18 11:00:00,68.07466414877686,68.30263498744291,67.58045487062425,67.66511696239678,990.6159316472488
2020-01-18 12:00:00,67.70202783846622,67.9547845163911,67.56143938323093,67.77607116634653,871.6863076133868
2020-01-18 13:00:00,67.58223736481655,67.75713938419835,66.24761784506627,66.65270794525365,1536.0686373939916
2020-01-18 14:00:00,66.42001705717627,66.48166005044546,66.10417252323961,66.39800452177101,1163.3573880182926
2020-01-18 15:00:00,66.25658604364531,67.23815948335206,65.80527221664812,67.0544216242144,832.9971150328067
2020-01-18 16:00:00,66.78116620053737,66.80633093429824,66.02574418727025,66.22030345099746,800.6131581212162
2020-01-18 17:00:00,66.09237702735535,67.01682127931346,65.89169580194175,66.93415600768772,912.3643573781662
2020-01-18 18:00:00,67.14746400171137,67.31115193322934,66.86438175768623,67.16026434057338,671.0249762001856
2020-01-18 19:00:00,67.01849300802238,67.04541495254858,66.43918206773907,66.4627911132748,853.9011077243333
2020-01-18 20:00:00,66.54943595405616,66.88519395893374,65.96934436352183,66.13025027165776,852.3545765832666
2020-01-18 21:00:00,65.94908577050298,66.01441838168031,65.71150646908782,65.8273647444094,1176.7851378610899
2020-01-18 22:00:00,65.86675710905625,65.99591248278216,65.6041742212043,65.79477553884834,914.6799367625674
2020-01-18 23:00:00,65.75271535952966,65.76583840133274,65.28532602053738,65.44296476873276,841.8908437816881
2020-01-19 00:00:00,65.4351365849347,65.61951896833371,64.87846909145628,64.9037963518894,731.9068323269582
2020-01-19 01:00:00,64.97767001191448,65.03171547277334,64.33697457307635,64.70640813246112,764.6722901640553
2020-01-19 02:00:00,64.93408773909324,65.10621857316049,64.01491140911214,64.04534467264259,986.7287900006744
2020-01-19 03:00:00,64.07028959983313,64.23155421195152,63.20769354106018,63.22476510136348,956.9741793717054
2020-01-19 04:00:00,63.24049218806695,63.28109495707248,63.06083792804238,63.1943129694361,1226.8503255363312
2020-01-19 05:00:00,63.07141002965879,63.972604889671416,62.93534418404689,63.754709428525956,874.1738778759069
2020-01-19 06:00:00,63.829134135414655,63.926577046624416,62.432755715767506,62.78708111907009,1211.8368573081964
2020-01-19 07:00:00,62.756188394780075,62.82548018848324,62.52884436557843,62.78928382361242,1051.4252624366818
2020-01-19 08:00:00,62.89385305454102,63.091548705982426,62.18619352689759,62.382504359899926,999.072862556259
2020-01-19 09:00:00,62.37705156254995,62.533836962623845,61.62615480502398,61.77590507018481,598.339147661937
2020-01-19 10:00:00,61.99136581198816,62.40330064563663,61.768816959844266,62.305380060107474,741.9883630015738
2020-01-19 11:00:00,62.05877664459028,62.4652815022489,61.59381472241145,61.983367472278225,1148.2857711018476
2020-01-19 12:00:00,61.94660992135711,62.996316078267895,61.884909165974435,62.919057535903214,1279.5639724689997
2020-01-19 13:00:00,63.0300793587437,63.13036907584798,62.296095521376806,62.430298203510034,1041.289761034696
2020-01-19 14:00:00,62.386525919019775,62.77803845548732,62.30652305161651,62.67205945576302,1152.505462977635
2020-01-19 15:00:00,62.572843837098084,62.6039381911245,62.33034953301487,62.529778266492166,918.4555716158831
2020-01-19 16:00:00,62.49653619505307,62.61963735511734,61.890672008958106,62.06006320363616,925.7298145117933
2020-01-19 17:00:00,61.889022405729634,62.46134586069927,61.619845143109586,62.42584846811094,867.4074752475376
2020-01-19 18:00:00,62.440701815154966,62.82736829654286,62.06485381364261,62.32917421536413,1194.9397539551646
2020-01-19 19:00:00,62.6341418141083,62.74651830479548,62.6209509469836,62.70628663663934,1068.5594770147054
2020-01-19 20:00:00,62.85005253696481,63.12355418885638,62.55526480840722,62.676638899552486,953.1661367134884
2020-01-19 21:00:00,62.53777503116595,62.58971127775631,61.86047169816682,61.99976720776708,934.3217470555047
2020-01-19 22:00:00,61.89156784263184,62.04914190019194,61.60366206080381,61.936516799696896,1111.3011172857023
2020-01-19 23:00:00,61.88640222371012,62.23766041354903,61.69149808625062,61.968704382825216,1064.623108888496
2020-01-20 00:00:00,62.093314233258155,62.58936011656527,61.87366889762534,62.565506954341146,833.5916069381848
2020-01-20 01:00:00,62.462797849270636,62.47571919192581,61.931302407692165,62.00105673751695,1343.1971754896629
2020-01-20 02:00:00,61.91552563261937,62.02186607771194,61.77308076643416,61.97667660752685,1051.4057840637222
2020-01-20 03:00:00,62.08644135222122,62.48873279865283,60.89988740860619,60.918648516451725,1002.0958208547784
2020-01-20 04:00:00,61.02408658953587,61.479030378102394,60.98485871038131,61.316824921455016,1295.4571347925148
2020-01-20 05:00:00,61.270999797524304,61.34220440316444,60.47783686679224,60.65726683207166,1204.803399523427
2020-01-20 06:00:00,60.52181734160509,60.60140824753245,59.28663241539191,59.571415234642366,982.4066282840733
2020-01-20 07:00:00,59.387060100896996,59.58174259867068,59.219452327141695,59.536149371102276,1107.1970362390468
2020-01-20 08:00:00,59.45297715999301,60.23928821941462,59.19449978822707,60.19808433365908,786.0043347018101
2020-01-20 09:00:00,59.93013531213252,60.003372415422696,58.939314815073715,59.287355897318726,871.8314153396568
2020-01-20 10:00:00,59.37633227329475,59.60317217959833,58.53151665669096,58.645784956788695,547.9337106099031
2020-01-20 11:00:00,58.571934204927146,58.73576169614397,58.00476599320903,58.21150152176594,1244.0734047631277
2020-01-20 12:00:00,58.26756215280103,58.318387787911426,57.46852982023426,57.55770382655393,620.3177086329367
2020-01-20 13:00:00,57.77317913478428,57.80174795839499,57.75980878952562,57.77650864750991,1136.2550467893586
2020-01-20 14:00:00,57.91221095673093,57.97768668063779,57.263321174284656,57.31191792658586,833.8646219447328
2020-01-20 15:00:00,57.18012220873314,57.27865615364716,56.71561545756492,56.899892193635004,804.2057064364842
2020-01-20 16:00:00,56.99889857713722,57.37621097999507,56.829872509432974,57.232762217242716,960.9938249225504
2020-01-20 17:00:00,57.365450503887274,57.37549409380293,56.78543246940359,56.80198964892189,1053.2824359503104
2020-01-20 18:00:00,56.7172638298907,57.25078490900354,56.662789719504936,57.048350070177314,1122.421295840061
2020-01-20 19:00:00,56.93968565936649,57.12070803525627,56.31689804822734,56.49687367315188,1354.326336998882
2020-01-20 20:00:00,56.484480534094715,56.74320274379803,55.75150033813644,55.81618707454847,1071.7228115543287
2020-01-20 21:00:00,55.63770236618172,55.778752425002,54.757787031419404,54.801053891668936,1176.2390726125484
2020-01-20 22:00:00,54.962486850801525,55.906482779624184,54.794336135172294,55.830563546157244,880.3021980307777
2020-01-20 23:00:00,55.562622925376175,55.782939981547095,55.561759305268026,55.652047133759005,1142.7442625112144
2020-01-21 00:00:00,55.52899118630523,56.033846326466204,55.47898657058614,55.787966755923236,1030.6537506060295
2020-01-21 01:00:00,55.757897877357145,56.06111451780435,55.736545601608405,55.7706475550777,907.3631592129527
2020-01-21 02:00:00,55.74532371795969,56.07649079828511,55.71656931656757,55.859930653169386,980.804136846553
2020-01-21 03:00:00,55.87849310625392,55.956433976940716,55.76661703184268,55.88769238243373,987.5889795352324
2020-01-21 04:00:00,55.91804188822571,57.02002854903696,55.85065273589117,56.96439105379007,1038.2238505054638
2020-01-21 05:00:00,56.9400596949609,57.028124446217255,56.24903195382352,56.37563650720827,1080.2782357850294
2020-01-21 06:00:00,56.5039677296435,56.52082357279625,55.396860204671526,55.50440945808295,898.2219258546418
2020-01-21 07:00:00,55.267427192037076,55.62257681580034,54.7339506646926,54.945559656570055,851.8453110920408
2020-01-21 08:00:00,54.94554157795455,55.02725400142476,53.942399356763715,54.217068752942154,1149.4943169905487
2020-01-21 09:00:00,54.139638752033676,54.85664361762831,54.07583102070391,54.62356598247035,660.6897979934822
2020-01-21 10:00:00,54.63804461373502,55.1828234207149,54.57013209617669,55.07352899068197,876.3586698345574
2020-01-21 11:00:00,55.09785040614884,55.16613420361203,54.51853361232498,54.54663520878362,1310.5235192158125
2020-01-21 12:00:00,54.447251463098404,54.636436854509775,53.72052788134177,53.79344770674237,458.56046162329574
2020-01-21 13:00:00,53.72453417358357,53.94595817543441,53.52046768864441,53.602928532352436,861.3895956508811
2020-01-21 14:00:00,53.68796585296142,54.51812347177292,53.56200485446859,54.35382249346428,1137.5438778673922
2020-01-21 15:00:00,54.39178082644972,54.39372650563887,52.814458340666576,52.84268266657446,669.9357591184541
2020-01-21 16:00:00,52.77083924449193,53.21580625151017,52.586511896749435,53.12170042522004,1519.6284242714655
2020-01-21 17:00:00,53.33886807520779,53.4292315301125,52.34332617308389,52.55330371610357,482.3192839867685
2020-01-21 18:00:00,52.796574868604836,53.2615726628073,52.6389353945225,53.102905000760394,1287.311890217613
2020-01-21 19:00:00,52.947809919894276,53.07369616288578,52.44319147064859,52.53357008580184,1311.4682731634912
2020-01-21 20:00:00,52.565288390660385,52.71066436115197,52.25337049974229,52.38384473374279,1183.2704731832466
2020-01-21 21:00:00,52.64736690635374,52.718459164326816,51.48703129568257,51.60071072724028,955.6828855733108
2020-01-21 22:00:00,51.681673630173194,51.99853286123143,50.92661996667551,51.098894742548374,1071.4356405264905
2020-01-21 23:00:00,51.121491595392726,52.004813264864495,51.08809493510699,51.81197288336047,820.5500219607417
2020-01-22 00:00:00,51.790417698358596,52.314912317707375,51.66582916700455,52.23888004870621,1161.864931829371
2020-01-22 01:00:00,52.182367871524974,52.305170691614734,51.971269249261944,52.02947394486598,776.0270175757685
2020-01-22 02:00:00,52.00736458739663,52.06035385590274,51.46032641038297,51.57869197275121,945.2252132881231
2020-01-22 03:00:00,51.52191144375328,51.68176644242651,50.58191749087883,50.61108227332857,1199.2498559338637
2020-01-22 04:00:00,50.686539704685224,50.73865956274037,50.3857645991594,50.412239985780296,777.1394187334607
2020-01-22 05:00:00,50.3721123298921,50.556079398983414,50.366702207478724,50.39666337088736,927.1462887279125
2020-01-22 06:00:00,50.3522178524856,50.37462130897269,50.26820754761658,50.35432057709565,1032.8529651070169
2020-01-22 07:00:00,50.23339803445504,50.49303585378446,49.68469110242275,50.30711443024528,731.6423320262695
2020-01-22 08:00:00,50.30212523069308,50.49037920987062,49.732065390670016,49.74591804028479,1232.8744994166557
2020-01-22 09:00:00,49.65703972502758,49.72779877933757,49.37535753035395,49.712960409946085,1068.15481812444
2020-01-22 10:00:00,49.69499240589728,49.910020252883136,49.65734787985283,49.69373844521987,696.8820051218936
2020-01-22 11:00:00,49.797389812496206,50.36410704831034,49.628744299203305,50.33922320032711,990.6061711872168
2020-01-22 12:00:00,50.37607743361644,51.3011194066117,50.33470258149898,51.287747991104425,844.9329657001813
2020-01-22 13:00:00,51.339546578210424,51.48166704938502,51.15773449631259,51.21753750551361,868.4884066912899
2020-01-22 14:00:00,51.254026695467246,51.298449349627504,50.79913416671538,50.82655444408643,1015.3489593605676
2020-01-22 15:00:00,50.832570197010675,50.95128820131878,50.77326487747916,50.793536995406576,858.0618157802255
2020-01-22 16:00:00,50.780603739854655,50.98096900191051,50.402722141375015,50.48584041978509,1192.9023239868902
2020-01-22 17:00:00,50.45477027335808,50.553196042283126,50.024715965377695,50.11240444117675,859.0682955511994
2020-01-22 18:00:00,50.1885445829576,50.24106162222493,49.944399748799206,50.08302205708887,1196.3419699995075
2020-01-22 19:00:00,49.97453571224651,50.01616605103098,49.386866993238016,49.563219942918515,991.2481088147687
2020-01-22 20:00:00,49.69629934258411,50.195710224340566,49.6939805763208,49.86453819777634,1171.153737730523
2020-01-22 21:00:00,49.86793688731269,49.88338481372393,49.670049370189595,49.81274810270131,891.7330684033459
2020-01-22 22:00:00,49.73821427221556,50.03465174855828,49.70091698630315,49.93743991583073,898.9432105833246
2020-01-22 23:00:00,49.88861039862774,50.00292946696083,49.835377168110284,49.84616785730928,769.5069424706378
2020-01-23 00:00:00,49.77872277293691,49.79221065634053,49.45968669530908,49.48497437457125,1115.5957646059696
2020-01-23 01:00:00,49.50083254401547,49.85524508931167,48.95007845551142,49.01809324774801,1187.5590507060806
2020-01-23 02:00:00,48.94776914691001,49.046458076176684,48.780800979990644,48.901922951315605,1423.8377125503848
2020-01-23 03:00:00,49.01375545384508,49.11125726356677,48.59934253007903,48.63430356004242,1258.1055036267394
2020-01-23 04:00:00,48.55833402018612,48.875790919265135,48.460274992945045,48.74819298698663,1049.9561358738172
2020-01-23 05:00:00,48.52713305581011,49.01626450064305,48.413719024702864,48.746032659629236,957.8058957642514
2020-01-23 06:00:00,48.674818177192144,48.776011187522506,47.84770879585718,48.08646503511015,1077.7407012385806
2020-01-23 07:00:00,47.893687126509086,48.15296795756465,47.85346791276839,48.11875212983745,994.4524579031787
2020-01-23 08:00:00,48.11491540412852,48.2316301010989,47.4354598769321,47.47690366396719,1292.695299870423
2020-01-23 09:00:00,47.5775813424945,47.70989408033877,46.97819489513886,47.185119491748985,1188.788794781798
2020-01-23 10:00:00,47.24628835307802,47.33402912052409,46.89314291799679,47.04643260457681,832.6477734134717
2020-01-23 11:00:00,46.92074317140821,47.23745976011598,46.006412787412295,46.08015172421647,862.4738931634132
2020-01-23 12:00:00,46.00995556714889,46.23731887788481,45.954859930705624,46.122337793783366,1273.456380714521
2020-01-23 13:00:00,46.286699433063106,46.38484234113935,45.86707888954586,46.192027440994174,1061.6160269537017
2020-01-23 14:00:00,46.22146219076746,46.259830184933556,46.06475176219781,46.119090506383316,953.6481648617624
2020-01-23 15:00:00,46.119470408664725,46.26116723822731,45.84851664751174,45.92381382878241,1237.2672324271953
2020-01-23 16:00:00,46.020913176574666,46.1855647426447,45.72908127794302,45.75256088229013,922.4811765628402
2020-01-23 17:00:00,45.97755064810631,46.21610303585143,45.116112696801416,45.307943532654946,944.0448979027504
2020-01-23 18:00:00,45.425586136681616,45.52164084234847,45.005336928341336,45.185912474507774,907.7656917535162
2020-01-23 19:00:00,45.1985134421926,45.43316270208921,44.8820669293898,44.93689846275685,607.665498683464
2020-01-23 20:00:00,44.96878694498756,45.13653625866645,44.91595771865349,44.97811792780067,1172.851398050865
2020-01-23 21:00:00,45.03366237133383,45.18365626309044,44.40778302203148,44.439767915620784,758.1831083946823
2020-01-23 22:00:00,44.38534490935071,44.65452379571647,44.22960202402759,44.54458694746777,886.2614561156871
2020-01-23 23:00:00,44.45036629270239,44.76346819387412,44.25853476469332,44.60842891796746,851.2256234530674
2020-01-24 00:00:00,44.61310850582856,44.729368724668596,44.50153353535864,44.54532463924128,1145.398120393475
2020-01-24 01:00:00,44.46101685829529,44.48349710457733,44.15679268932177,44.35010843826272,986.2834434192156
2020-01-24 02:00:00,44.34465704342734,44.78131074663677,44.22523186863398,44.59574954192498,1003.0833100728281
2020-01-24 03:00:00,44.60432372410842,44.79449656316417,43.7081481534176,43.859552309066345,664.1080412202774
2020-01-24 04:00:00,44.06538749865713,44.19527638396135,43.68959471573858,44.061970745357485,982.5125903530607
2020-01-24 05:00:00,43.98703665617014,44.258311463364336,43.871285476727486,44.169188078980795,704.7333800237996
2020-01-24 06:00:00,44.15843075267294,44.598486408311935,44.07996262838267,44.2945305982164,1061.439399132839
2020-01-24 07:00:00,44.27997755071495,44.47453921190434,44.16433689845118,44.46464293447512,1073.3445986995278
2020-01-24 08:00:00,44.50354965975176,44.58913538296065,43.71987062912642,44.17495009497222,996.5205034529607
2020-01-24 09:00:00,44.26752495173977,44.373613079798936,43.981919125354445,44.06048230701183,1408.6287371712801
2020-01-24 10:00:00,44.017281620409584,44.582332947480154,43.993918096072505,44.34206926457491,1105.5457828451129
2020-01-24 11:00:00,44.26928816262822,44.598429996819014,44.14094215903759,44.5334353695,1119.1648350067408
2020-01-24 12:00:00,44.38754190901183,44.78883218811758,44.30617429621202,44.62558687694988,1028.4622706098687
2020-01-24 13:00:00,44.54299855576482,44.59260288746877,43.87738940363092,43.954903543635695,961.4483846923465
2020-01-24 14:00:00,44.0020872606636,44.374716285030374,43.97389611392525,44.19196830499098,1193.1836521312464
2020-01-24 15:00:00,44.196002954408925,44.778024422145705,44.10846102412473,44.71181435471696,1220.289908334951
2020-01-24 16:00:00,44.62110270504812,45.270491150017484,44.427742346603935,45.1655435307911,739.7679276931635
2020-01-24 17:00:00,45.13188358830991,45.409557889367754,44.98793394435871,45.271299444444395,1210.897920956431
2020-01-24 18:00:00,45.27414917662055,45.29316392960938,44.51047604301425,44.571581922500386,1102.7646402054354
2020-01-24 19:00:00,44.61650407857085,45.142743799934294,44.43103636574583,44.99367514053968,1192.1400145417867
2020-01-24 20:00:00,44.94030882858785,44.99153579160008,44.70983054569497,44.92746862570953,1093.2357561493548
2020-01-24 21:00:00,44.904970984824274,45.0068854672984,43.63386535755504,43.80395826348412,751.146055406025
2020-01-24 22:00:00,43.64493832780753,44.00859979194058,43.54654920667487,43.96950206235313,765.4167098334868
2020-01-24 23:00:00,43.86836683190074,43.88280424853314,43.16279453487708,43.31827237562747,1364.9181058289898
2020-01-25 00:00:00,43.458652643541036,43.60890241128515,42.73812164855428,42.7603014100193,1050.4847737294092
2020-01-25 01:00:00,42.573579173162436,42.66431466915798,42.45975253245296,42.48965124178832,716.5489011682266
2020-01-25 02:00:00,42.460954711341074,43.23615471135858,42.4506599785822,43.033826011038265,1069.6264000216215
2020-01-25 03:00:00,43.05269602393651,43.10529424677628,42.85034301093465,42.87453261518864,927.575279345183
2020-01-25 04:00:00,42.84244453098117,43.10671205673803,42.77566847495676,42.9908765618123,631.3172088396677
2020-01-25 05:00:00,42.921445887190835,43.80882309579322,42.87063469234917,43.74894944537205,541.9623656578987
2020-01-25 06:00:00,43.74360552852607,44.58948533641108,43.63160317538895,44.451908524157496,679.4666611594375
2020-01-25 07:00:00,44.4514670832027,44.52481604373705,44.37384320036557,44.40598969172575,1054.3585085257312
2020-01-25 08:00:00,44.39869728130213,44.525525166685405,44.25993759106343,44.29886930276691,990.3855563773062
2020-01-25 09:00:00,44.132820242565714,44.25613203517858,43.72914820121539,43.74382442083166,950.1681618749392
2020-01-25 10:00:00,43.730930324721044,43.87093524490031,43.38371341628734,43.44109428377656,1056.9356307591913
2020-01-25 11:00:00,43.3668637153661,43.909823372551784,43.26110608390734,43.62626815166387,1120.226085362601
2020-01-25 12:00:00,43.57850297483973,43.93418228866299,43.54302737475135,43.79925276588645,579.498512093001
2020-01-25 13:00:00,43.81913992949133,43.94292769799876,43.78039154108468,43.84756291063511,939.7697635710032
2020-01-25 14:00:00,43.903787716181164,44.326618008491536,43.852133982635785,44.28593604967622,834.417069929143
2020-01-25 15:00:00,44.365436569979266,44.55189318271986,43.74984938758011,43.94520319501902,753.3610044421675
2020-01-25 16:00:00,43.90159490101243,44.09556865602238,43.78241866793366,43.920567162440165,890.5597443881999
2020-01-25 17:00:00,44.00180765778935,44.396689553977964,43.86235068169688,44.2429103499514,975.4255804411457
2020-01-25 18:00:00,44.34689059067612,44.55028490876895,44.256626546147274,44.502109814038775,946.7287086880768
2020-01-25 19:00:00,44.603390461321034,45.03122124241043,44.54720516342372,44.98126444272073,709.066537312855
2020-01-25 20:00:00,45.106465400730805,45.47258855505728,44.88292769405848,45.160204220450886,903.370097071479
2020-01-25 21:00:00,45.147048033732915,45.249038257253886,44.89328330188348,45.0206933309036,1403.1665783847939
2020-01-25 22:00:00,45.00501698171947,45.344557256311276,44.93565915668599,45.1840504525092,789.0890311907137
2020-01-25 23:00:00,45.2586702728027,45.403681646925676,44.62329590557754,44.733300706554154,662.581404300418
